company,tier,year,doc_type,filename,tokens,agentic_share_of_automation,raw_agentic,raw_prior_gen_automation,dim_role_evolution_per10k,dim_tech_stack_per10k,dim_governance_per10k,stage_assisted,stage_augmented,stage_frontier,automation_depth_distribution_per10k,automation_depth_underwriting_per10k,automation_depth_pricing_actuarial_per10k,automation_depth_claims_per10k,automation_depth_servicing_per10k,automation_depth_billing_per10k
AXA,A,2023,Annual Report,AXA annual report 2023.pdf,298560,0.56,20,16,2.48,2.58,3.11,469,45,16,0.03,0.0,0.03,0.0,0.0,0.0
AXA,A,2024,Annual Report,AXA annual report 2024.pdf,286962,0.68,23,11,2.68,2.51,3.87,581,49,14,0.0,0.0,0.0,0.0,0.21,0.03
AXA,A,2025,Annual Report,AXA annual report 2025.pdf,550822,0.79,83,22,2.6,2.94,3.99,1017,130,41,0.07,0.07,0.18,0.04,0.18,0.0
Admiral,B,2023,Annual Report,Admiral Group 2023 annual report.pdf,176269,0.3,3,7,0.85,1.48,0.96,307,28,43,0.0,0.06,0.0,0.0,0.0,0.0
Admiral,B,2024,Annual Report,Admiral Group 2024 annual report.pdf,158233,0.95,18,1,1.01,2.72,1.07,296,38,27,0.0,0.13,0.06,0.0,0.19,0.0
Admiral,B,2025,Annual Report,Admiral Group 2025 annual report.pdf,164189,0.92,45,4,2.01,1.77,2.8,290,43,49,0.18,0.18,0.18,0.24,0.12,0.0
Allianz,A,2023,Annual Report,Allianz annual report 2023.pdf,180868,0.68,13,6,1.38,4.37,2.76,269,34,19,0.0,0.0,0.0,0.0,0.0,0.0
Allianz,A,2024,Annual Report,Allianz annual report 2024.pdf,232514,0.85,17,3,1.03,5.12,2.58,408,31,25,0.0,0.0,0.04,0.0,0.0,0.0
Allianz,A,2025,Annual Report,Allianz annual report 2025.pdf,229217,0.7,7,3,1.22,5.06,2.75,425,27,24,0.0,0.0,0.0,0.0,0.0,0.0
Coface,C,2023,Annual Report,COFACE 2023 financial annual report.pdf,208484,0.0,0,4,0.86,2.54,1.3,238,21,2,0.0,0.0,0.0,0.0,0.0,0.0
Coface,C,2024,Annual Report,COFACE 2024 financial annual report.pdf,254003,0.0,0,5,1.65,2.68,2.99,386,18,2,0.0,0.0,0.0,0.0,0.0,0.0
Coface,C,2025,Annual Report,COFACE 2025 financial annual report.pdf,269279,0.0,0,4,2.04,2.67,3.23,430,24,5,0.0,0.0,0.0,0.0,0.0,0.0
Generali,A,2023,Annual Report,Generali Annual Report and Consolidated Financial Statements 2023.pdf,218322,0.65,15,8,2.06,16.4,1.79,260,35,12,0.32,0.0,0.0,0.09,0.27,0.0
Generali,A,2024,Annual Report,Generali Annual Report and Consolidated Financial Statements 2024.pdf,241444,0.47,8,9,3.06,13.75,1.86,434,27,16,0.0,0.0,0.0,0.0,0.08,0.0
Gjensidige,B,2023,Annual Report,Gjensidige Annual report 2023.pdf,219898,0.0,0,2,0.55,2.27,0.82,305,10,6,0.0,0.0,0.0,0.27,0.0,0.0
Gjensidige,B,2024,Annual Report,Gjensidige Annual report 2024.pdf,139329,1.0,4,0,0.65,1.79,1.22,250,6,4,0.0,0.0,0.0,0.22,0.0,0.0
Gjensidige,B,2025,Annual Report,Gjensidige Annual report 2025.pdf,138971,0.86,6,1,0.65,2.95,2.3,288,8,6,0.0,0.14,0.0,0.5,0.0,0.0
Helvetia Baloise,B,2023,Annual Report,Helvetia Baloise annual report 2023.pdf,304018,1.0,6,0,0.82,2.86,1.25,278,63,37,0.0,0.0,0.0,0.0,0.07,0.0
Helvetia Baloise,B,2025,Annual Report,Helvetia Baloise annual report 2025.pdf,178376,1.0,8,0,1.35,6.73,4.04,285,30,16,0.0,0.0,0.0,0.0,0.0,0.0
Linea Directa Aseguradora,C,2023,Annual Report,Linea Directa Aseguradora 2023 annual report.pdf,79145,0.0,0,1,1.39,1.26,0.51,55,3,2,0.0,0.0,0.0,0.0,0.0,0.0
Linea Directa Aseguradora,C,2024,Annual Report,Linea Directa Aseguradora 2024 annual report.pdf,187186,0.23,20,67,1.87,3.37,3.31,431,50,20,0.0,0.0,0.0,0.0,0.32,0.0
Linea Directa Aseguradora,C,2025,Annual Report,Linea Directa Aseguradora 2025 annual report.pdf,199898,0.26,23,67,1.9,3.6,5.05,374,41,7,0.0,0.0,0.0,0.1,0.3,0.0
Munich Re,A,2023,Annual Report,Munich Re 2023 annual report.pdf,27202,0.0,0,0,0.74,0.37,0.37,40,0,9,0.0,0.0,0.0,0.0,0.0,0.0
Munich Re,A,2024,Annual Report,Munich Re 2024 annual report.pdf,197232,0.92,12,1,0.91,2.38,1.12,362,55,31,0.0,0.3,0.0,0.0,0.0,0.0
Munich Re,A,2025,Annual Report,Munich Re 2025 annual report.pdf,209822,0.86,6,1,0.95,2.34,1.05,368,73,33,0.0,0.0,0.0,0.0,0.0,0.0
Neodigital,C,2022,Annual Report,Neodigital 2022 annual report.pdf,12485,0.0,0,3,0.0,2.4,0.0,0,0,1,0.0,0.0,0.0,0.0,0.0,0.0
Neodigital,C,2024,Annual Report,Neodigital annual report 2024.pdf,12670,0.33,1,2,0.0,2.37,0.0,0,0,1,0.0,0.0,0.0,0.79,0.79,0.0
Zurich,A,2024,Annual Report,Zurich Insurance Group 2024 annual report.pdf,211128,0.83,29,6,1.33,2.37,2.75,308,58,26,0.24,0.28,0.19,0.14,0.24,0.14
Zurich,A,2025,Annual Report,Zurich Insurance Group 2025 annual report.pdf,207354,0.9,36,4,1.69,2.99,3.13,345,46,22,0.14,0.43,0.19,0.19,0.19,0.14
Ageas,B,2023,Annual Report,ageas 2023 annual report.pdf,303312,0.51,36,34,1.35,2.7,2.08,412,15,68,0.07,0.03,0.07,0.03,0.1,0.0
Ageas,B,2024,Annual Report,ageas 2024 annual report.pdf,264234,0.54,14,12,1.89,2.35,3.29,343,13,33,0.11,0.04,0.08,0.0,0.19,0.0
Ageas,B,2025,Annual Report,ageas 2025 annual report.pdf,315705,0.9,52,6,1.65,2.82,3.64,437,37,48,0.0,0.06,0.38,0.0,0.1,0.0
Alm Brand Group,C,2023,Annual Report,alm brand group 2023 annual report.pdf,52261,0.0,0,0,0.19,25.45,0.19,61,4,0,0.0,0.0,0.0,0.0,0.0,0.0
Alm Brand Group,C,2024,Annual Report,alm brand group 2024 annual report.pdf,83724,0.0,0,0,0.0,2.15,1.67,192,4,0,0.0,0.0,0.0,0.0,0.0,0.0
Alm Brand Group,C,2025,Annual Report,alm brand group 2025 annual report.pdf,89552,0.33,1,2,0.11,2.46,1.68,181,9,4,0.0,0.0,0.0,0.0,0.0,0.11
Aviva,A,2023,Annual Report,aviva annual report 2023.pdf,210824,0.81,26,6,0.81,1.9,0.43,315,26,18,0.0,0.19,0.43,0.0,0.14,0.0
Aviva,A,2024,Annual Report,aviva annual report 2024.pdf,198090,0.93,42,3,0.66,2.17,0.56,274,37,16,0.05,0.2,0.1,0.2,0.25,0.0
Aviva,A,2025,Annual Report,aviva annual report 2025.pdf,211112,0.93,40,3,0.38,3.93,0.43,282,48,28,0.38,0.38,0.57,0.09,0.19,0.0
Beazley,B,2023,Annual Report,beazley annual report 2023 final.pdf,135688,0.44,7,9,0.59,0.96,1.11,343,16,18,0.0,0.15,0.0,0.15,0.0,0.0
Beazley,B,2024,Annual Report,beazley annual report 2024.pdf,139903,0.0,0,6,0.71,1.0,1.43,361,24,15,0.0,0.21,0.0,0.0,0.0,0.0
Beazley,B,2025,Annual Report,beazley annual report 2025.pdf,151686,0.5,1,1,1.12,1.91,1.71,356,31,26,0.0,0.07,0.0,0.0,0.0,0.0
Bolttech,C,2023,Financial Statement,bolttech 2023 financial statements.pdf,6566,0.0,0,0,0.0,0.0,0.0,5,0,0,0.0,0.0,0.0,0.0,0.0,0.0
Bolttech,C,2024,Financial Statement,bolttech 2024 financial statements.pdf,6556,0.0,0,0,0.0,0.0,0.0,5,0,0,0.0,0.0,0.0,0.0,0.0,0.0
Generali,A,2025,Annual Report,generali 2025 annual report.pdf,235712,0.73,24,9,2.72,14.68,1.7,466,40,15,0.0,0.0,0.0,0.0,0.04,0.0
Helvetia Baloise,B,2024,Annual Report,helvetia baloise 2024 annual report.pdf,363100,0.56,9,7,1.16,3.42,2.73,546,77,45,0.0,0.0,0.03,0.06,0.03,0.0
Hiscox,B,2023,Annual Report,hiscox 2023 annual report.pdf,127719,0.6,6,4,1.49,1.33,1.02,247,13,27,0.0,0.0,0.16,0.0,0.0,0.0
Hiscox,B,2024,Annual Report,hiscox 2024 annual report.pdf,117033,0.75,12,4,1.97,1.03,1.54,218,23,23,0.26,0.85,0.26,0.26,0.26,0.0
Hiscox,B,2025,Annual Report,hiscox 2025 annual report.pdf,115562,0.72,13,5,1.9,1.3,1.3,208,68,15,0.26,0.35,0.0,0.95,0.17,0.0
Lemonade,C,2023,SFCR,lemonade SFCR 2023.pdf,23703,0.75,3,1,4.22,1.27,0.84,48,9,3,0.0,0.0,0.84,0.0,0.0,0.0
Lemonade,C,2024,SFCR,lemonade SFCR 2024.pdf,30592,0.75,3,1,4.9,0.65,1.96,63,18,4,0.0,0.0,0.33,0.0,0.0,0.0
Lemonade,C,2025,SFCR,lemonade SFCR 2025.pdf,30017,0.86,6,1,5.66,0.67,2.33,66,16,12,0.0,1.0,0.67,1.0,1.0,0.0
Mapfre,A,2023,Annual Report,mapfre 2023 annual report.pdf,40105,0.0,0,0,0.25,0.0,0.0,34,0,0,0.0,0.0,0.0,0.0,0.0,0.0
Mapfre,A,2024,Annual Report,mapfre 2024 annual report.pdf,226646,0.75,9,3,2.74,5.52,3.09,347,37,5,0.0,0.0,0.0,0.0,0.0,0.0
Mapfre,A,2025,Annual Report,mapfre 2025 annual report.pdf,222947,0.81,13,3,2.11,5.25,2.78,351,49,5,0.0,0.0,0.0,0.36,0.18,0.0
Marshmallow,C,2023,SFCR,marshmallow 2023 SFCR.pdf,20203,1.0,1,0,3.96,0.99,2.97,34,4,3,0.0,0.0,0.0,0.0,0.0,0.0
Marshmallow,C,2024,SFCR,marshmallow 2024 SFCR.pdf,22508,1.0,1,0,4.44,2.22,1.78,36,3,4,0.0,0.0,0.44,0.0,0.0,0.0
Marshmallow,C,2025,SFCR,marshmallow 2025 SFCR.pdf,26048,1.0,1,0,4.61,1.15,2.69,47,4,10,0.0,0.0,1.15,0.0,0.0,0.0
Neodigital,C,2023,Annual Report,neodigital 2023 annual report.pdf,12381,0.0,0,3,0.0,2.42,0.0,0,0,1,0.0,0.0,0.0,0.0,0.0,0.0
NN Group,A,2023,Annual Report,nn group annual report 2023.pdf,202982,0.71,10,4,2.07,2.66,2.71,389,22,16,0.0,0.0,0.05,0.05,0.0,0.0
NN Group,A,2024,Annual Report,nn group annual report 2024.pdf,225964,0.82,37,8,3.01,2.97,3.72,543,37,17,0.04,0.18,0.0,0.13,0.09,0.0
NN Group,A,2025,Annual Report,nn group annual report 2025.pdf,186989,0.7,14,6,2.57,3.37,4.55,441,46,14,0.0,0.16,0.0,0.05,0.11,0.0
Sampo,B,2023,Annual Report,sampo 2023 annual report.pdf,80565,0.0,0,0,0.12,0.25,0.12,79,2,1,0.0,0.0,0.0,0.0,0.0,0.0
Sampo,B,2024,Annual Report,sampo 2024 annual report.pdf,129661,0.5,1,1,0.69,2.16,2.78,227,3,0,0.0,0.0,0.0,0.0,0.0,0.0
Sampo,B,2025,Annual Report,sampo 2025 annual report.pdf,124074,0.0,0,1,0.4,2.42,1.85,227,4,2,0.0,0.0,0.0,0.0,0.0,0.0
Swiss Re,A,2024,Annual Report,swiss re 2024 annual report.pdf,141062,0.75,12,4,1.42,5.25,2.34,158,12,14,0.21,0.07,0.14,0.21,0.0,0.0
Swiss Re,A,2025,Annual Report,swiss re 2025 annual report.pdf,154031,0.3,3,7,1.17,5.13,3.05,214,25,22,0.0,0.0,0.19,0.0,0.0,0.0
Swiss Re,A,2023,Annual Report,swiss re annual report 2023.pdf,65054,0.0,0,4,1.84,0.46,0.77,65,6,3,0.0,0.0,0.0,0.0,0.0,0.0
Talanx,A,2023,Annual Report,talanx 2023 annual report.pdf,192160,0.0,0,0,0.78,0.78,1.25,140,49,19,0.0,0.0,0.0,0.0,0.0,0.0
Talanx,A,2024,Annual Report,talanx 2024 annual report.pdf,246947,0.8,4,1,0.89,1.94,1.34,356,58,21,0.0,0.08,0.08,0.08,0.08,0.0
Talanx,A,2025,Annual Report,talanx 2025 annual report.pdf,249588,0.83,5,1,1.2,1.64,1.56,351,55,19,0.0,0.0,0.0,0.0,0.0,0.0
Tryg,B,2023,Annual Report,tryg 2023 annual report.pdf,86488,0.0,0,1,0.46,4.16,2.2,149,7,1,0.0,0.0,0.0,0.0,0.0,0.0
Tryg,B,2024,Annual Report,tryg 2024 annual report.pdf,97801,0.6,3,2,0.61,2.86,2.35,191,17,6,0.0,0.0,0.0,0.1,0.0,0.0
Tryg,B,2025,Annual Report,tryg 2025 annual report.pdf,95177,0.15,2,11,0.84,1.47,1.89,175,22,12,0.0,0.0,0.0,0.11,0.0,0.0
Unipol,A,2023,Annual Report,unipol annual report 2023.pdf,45203,0.0,0,4,2.65,5.97,5.31,64,8,0,0.0,0.0,0.0,0.0,0.0,0.0
Unipol,A,2024,Annual Report,unipol annual report 2024_def.pdf,111036,0.73,11,4,0.9,3.24,2.43,53,13,1,0.0,0.0,0.0,0.63,0.36,0.0
Unipol,A,2025,Annual Report,unipol annual report 2025.pdf,108860,0.76,13,4,1.38,4.32,1.93,50,14,0,0.55,0.0,0.09,0.18,0.55,0.37
VIG,B,2023,Annual Report,vig annual report 2023.pdf,104008,0.0,0,3,0.96,0.38,0.67,104,20,4,0.0,0.0,0.0,0.0,0.0,0.0
VIG,B,2024,Annual Report,vig group annual report 2024.pdf,153639,0.0,0,4,0.78,1.89,1.3,221,30,8,0.0,0.0,0.0,0.0,0.0,0.0
VIG,B,2025,Annual Report,vig group annual report 2025.pdf,160537,0.67,8,4,1.49,1.99,3.61,245,45,10,0.0,0.0,0.0,0.0,0.0,0.0
Wakam,C,2023,SFCR,wakam 2023 SFCR.pdf,26295,0.0,0,2,1.9,7.61,0.76,68,3,1,0.0,0.0,0.0,0.0,0.0,0.0
Wakam,C,2024,SFCR,wakam 2024 SFCR.pdf,12767,0.0,0,0,0.0,0.78,0.0,29,2,1,0.0,0.0,0.0,0.0,0.0,0.0
Wakam,C,2025,SFCR,wakam 2025 SFCR.pdf,16732,0.0,0,0,0.0,1.2,0.0,37,4,4,0.0,0.0,0.0,0.0,0.0,0.0
Zego,C,2022,Financial Statement,zego financial statements 2022.pdf,9500,0.0,0,0,0.0,0.0,0.0,10,1,2,0.0,0.0,0.0,0.0,0.0,0.0
Zego,C,2023,Financial Statement,zego financial statements 2023.pdf,10047,0.0,0,0,0.0,0.0,0.0,9,0,1,0.0,0.0,0.0,0.0,0.0,0.0
Zego,C,2024,Financial Statement,zego financial statements 2024.pdf,12438,1.0,1,0,2.41,2.41,0.0,21,3,3,0.0,0.0,0.0,0.0,0.0,0.0
Zurich,A,2023,Annual Report,zurich insurance group 2023 annual report.pdf,208966,0.85,28,5,1.48,2.49,2.44,317,46,34,0.1,0.05,0.0,0.24,0.19,0.0
